{"index":{"_index":"evaluation","_type":"evaluation-201706041156","_id":1000001}}
{"brute.run":1,"brute.treatment":1,"brute.in.P1":170.0,"brute.in.P2":0.300,"brute.in.P5":850,"brute.in.G2":820.0,"brute.in.G3":6.50,"brute.in.PHINT":40.00,"brute.LAID.rmse":3.132751719069568,"brute.LAID.nse":0.15319481834288196,"brute.CWAD.rmse":7825.279919477757,"brute.CWAD.nse":0.8775282180896978,"brute.LWAD.rmse":812.8252511388218,"brute.LWAD.nse":0.6422714474792444,"brute.GWAD.rmse":2985.24354115372,"brute.GWAD.nse":0.7628304436230053,"brute.HIAD.rmse":0.20942110686365878,"brute.HIAD.nse":0.48285262835176757,"brute.G#AD.rmse":549.0,"brute.G#AD.nse":-1.0,"brute.L#SD.rmse":7.663372151166399,"brute.L#SD.nse":0.765090909090909,"brute.id":"01000001"}
{"index":{"_index":"evaluation","_type":"evaluation-201706041156","_id":2000001}}
{"brute.run":1,"brute.treatment":2,"brute.in.P1":170.0,"brute.in.P2":0.300,"brute.in.P5":850,"brute.in.G2":820.0,"brute.in.G3":6.50,"brute.in.PHINT":40.00,"brute.LAID.rmse":-1.0,"brute.LAID.nse":-1.0,"brute.CWAD.rmse":-1.0,"brute.CWAD.nse":-1.0,"brute.LWAD.rmse":-1.0,"brute.LWAD.nse":-1.0,"brute.GWAD.rmse":-1.0,"brute.GWAD.nse":-1.0,"brute.HIAD.rmse":-1.0,"brute.HIAD.nse":-1.0,"brute.G#AD.rmse":55.0,"brute.G#AD.nse":-1.0,"brute.L#SD.rmse":5.796550698475776,"brute.L#SD.nse":0.6093023255813953,"brute.id":"02000001"}
{"index":{"_index":"evaluation","_type":"evaluation-201706041156","_id":3000001}}
{"brute.run":1,"brute.treatment":3,"brute.in.P1":170.0,"brute.in.P2":0.300,"brute.in.P5":850,"brute.in.G2":820.0,"brute.in.G3":6.50,"brute.in.PHINT":40.00,"brute.LAID.rmse":-1.0,"brute.LAID.nse":-1.0,"brute.CWAD.rmse":-1.0,"brute.CWAD.nse":-1.0,"brute.LWAD.rmse":-1.0,"brute.LWAD.nse":-1.0,"brute.GWAD.rmse":-1.0,"brute.GWAD.nse":-1.0,"brute.HIAD.rmse":-1.0,"brute.HIAD.nse":-1.0,"brute.G#AD.rmse":5.0,"brute.G#AD.nse":-1.0,"brute.L#SD.rmse":5.446711546122731,"brute.L#SD.nse":0.6301939058171746,"brute.id":"03000001"}
{"index":{"_index":"evaluation","_type":"evaluation-201706041156","_id":4000001}}
{"brute.run":1,"brute.treatment":4,"brute.in.P1":170.0,"brute.in.P2":0.300,"brute.in.P5":850,"brute.in.G2":820.0,"brute.in.G3":6.50,"brute.in.PHINT":40.00,"brute.LAID.rmse":2.560766486816008,"brute.LAID.nse":0.6047243026567609,"brute.CWAD.rmse":6765.542781255618,"brute.CWAD.nse":0.801399826797459,"brute.LWAD.rmse":1227.045638923019,"brute.LWAD.nse":0.508732037199092,"brute.GWAD.rmse":1727.4003589208844,"brute.GWAD.nse":0.175351038874612,"brute.HIAD.rmse":0.14788396352095334,"brute.HIAD.nse":-2.0851594093858727,"brute.G#AD.rmse":2.0,"brute.G#AD.nse":-1.0,"brute.L#SD.rmse":7.905694150420948,"brute.L#SD.nse":0.4212962962962963,"brute.id":"04000001"}
{"index":{"_index":"evaluation","_type":"evaluation-201706041156","_id":5000001}}
{"brute.run":1,"brute.treatment":5,"brute.in.P1":170.0,"brute.in.P2":0.300,"brute.in.P5":850,"brute.in.G2":820.0,"brute.in.G3":6.50,"brute.in.PHINT":40.00,"brute.LAID.rmse":-1.0,"brute.LAID.nse":-1.0,"brute.CWAD.rmse":-1.0,"brute.CWAD.nse":-1.0,"brute.LWAD.rmse":-1.0,"brute.LWAD.nse":-1.0,"brute.GWAD.rmse":-1.0,"brute.GWAD.nse":-1.0,"brute.HIAD.rmse":-1.0,"brute.HIAD.nse":-1.0,"brute.G#AD.rmse":473.0,"brute.G#AD.nse":-1.0,"brute.L#SD.rmse":7.321202087089251,"brute.L#SD.nse":0.5759493670886077,"brute.id":"05000001"}
{"index":{"_index":"evaluation","_type":"evaluation-201706041156","_id":6000001}}
{"brute.run":1,"brute.treatment":6,"brute.in.P1":170.0,"brute.in.P2":0.300,"brute.in.P5":850,"brute.in.G2":820.0,"brute.in.G3":6.50,"brute.in.PHINT":40.00,"brute.LAID.rmse":-1.0,"brute.LAID.nse":-1.0,"brute.CWAD.rmse":-1.0,"brute.CWAD.nse":-1.0,"brute.LWAD.rmse":-1.0,"brute.LWAD.nse":-1.0,"brute.GWAD.rmse":-1.0,"brute.GWAD.nse":-1.0,"brute.HIAD.rmse":-1.0,"brute.HIAD.nse":-1.0,"brute.G#AD.rmse":349.0,"brute.G#AD.nse":-1.0,"brute.L#SD.rmse":5.868938953886336,"brute.L#SD.nse":0.6978557504873294,"brute.id":"06000001"}
{"index":{"_index":"evaluation","_type":"evaluation-201706041156","_id":7000001}}